KEGG,InChI Code
"C16588","InChI=1S/C7H10O5/c8-5(7(11)12)3-1-2-4-6(9)10/h1-4H2,(H,9,10)(H,11,12)"
"C16589","InChI=1S/C8H12O5/c9-6(8(12)13)4-2-1-3-5-7(10)11/h1-5H2,(H,10,11)(H,12,13)"
"C00671","InChI=1S/C6H10O3/c1-3-4(2)5(7)6(8)9/h4H,3H2,1-2H3,(H,8,9)/t4-/m0/s1"
"C01712","InChI=1S/C18H34O2/c1-2-3-4-5-6-7-8-9-10-11-12-13-14-15-16-17-18(19)20/h9-10H,2-8,11-17H2,1H3,(H,19,20)/b10-9+"
"C04685","InChI=1S/C20H32O4/c1-2-3-6-9-17(21)14-12-16-13-15-19(22)18(16)10-7-4-5-8-11-20(23)24/h12-18,21H,2-11H2,1H3,(H,23,24)/b14-12+/t16-,17-,18?/m0/s1"
"C05953","InChI=1S/C20H30O4/c1-2-3-6-9-17(21)14-12-16-13-15-19(22)18(16)10-7-4-5-8-11-20(23)24/h4,7,12-18,21H,2-3,5-6,8-11H2,1H3,(H,23,24)/b7-4-,14-12+/t16-,17-,18+/m0/s1"
"C05954","InChI=1S/C20H30O4/c1-2-3-6-9-17(21)14-12-16-13-15-19(22)18(16)10-7-4-5-8-11-20(23)24/h4,7,12,14,17,21H,2-3,5-6,8-11,13,15H2,1H3,(H,23,24)/b7-4-,14-12+/t17-/m0/s1"
"C00639","InChI=1S/C20H34O5/c1-2-3-6-9-15(21)12-13-17-16(18(22)14-19(17)23)10-7-4-5-8-11-20(24)25/h4,7,12-13,15-19,21-23H,2-3,5-6,8-11,14H2,1H3,(H,24,25)/b7-4-,13-12+/t15-,16+,17+,18-,19+/m0/s1"
"C05951","InChI=1S/C25H40N2O6S/c1-2-3-4-5-6-7-8-9-10-11-12-13-16-22(21(28)15-14-17-23(29)30)34-19-20(26)25(33)27-18-24(31)32/h6-7,9-13,16,20-22,28H,2-5,8,14-15,17-19,26H2,1H3,(H,27,33)(H,29,30)(H,31,32)/b7-6-,10-9-,12-11+,16-13+/t20-,21-,22+/m0/s1"
"C05952","InChI=1S/C23H37NO5S/c1-2-3-4-5-6-7-8-9-10-11-12-13-16-21(30-18-19(24)23(28)29)20(25)15-14-17-22(26)27/h6-7,9-13,16,19-21,25H,2-5,8,14-15,17-18,24H2,1H3,(H,26,27)(H,28,29)/b7-6-,10-9-,12-11+,16-13+/t19-,20-,21+/m0/s1"
"C05963","InChI=1S/C20H34O6/c1-2-3-6-9-15(21)12-13-18-16(17(22)14-20(25)26-18)10-7-4-5-8-11-19(23)24/h4,7,12-13,15-18,20-22,25H,2-3,5-6,8-11,14H2,1H3,(H,23,24)/b7-4-,13-12+/t15-,16-,17-,18+,20-/m0/s1"
"C05964","InChI=1S/C20H32O6/c1-2-3-6-9-15(21)12-13-18-16(17(22)14-20(25)26-18)10-7-4-5-8-11-19(23)24/h4,7,12-13,15-18,21-22H,2-3,5-6,8-11,14H2,1H3,(H,23,24)/b7-4-,13-12+/t15-,16-,17-,18+/m0/s1"
"C00577","InChI=1S/C3H6O3/c4-1-3(6)2-5/h1,3,5-6H,2H2/t3-/m0/s1"
"C02426","InChI=1S/C3H6O3/c4-1-3(6)2-5/h1,3,5-6H,2H2/t3-/m1/s1"
"C06463","InChI=1S/C4H8O4/c5-2-1-8-4(7)3(2)6/h2-7H,1H2/t2-,3+,4?/m1/s1"
"C00216","InChI=1S/C5H10O5/c6-2-1-10-5(9)4(8)3(2)7/h2-9H,1H2/t2-,3-,4+,5?/m1/s1"
"C01510","InChI=1S/C5H10O5/c6-1-2-3(7)4(8)5(9)10-2/h2-9H,1H2/t2-,3+,4-,5?/m0/s1"
"C00476","InChI=1S/C5H10O5/c6-2-1-10-5(9)4(8)3(2)7/h2-9H,1H2/t2-,3+,4+,5?/m1/s1"
"C01508","InChI=1S/C5H10O5/c6-2-1-10-5(9)4(8)3(2)7/h2-9H,1H2/t2-,3+,4+,5?/m0/s1"
"C00124","InChI=1S/C6H12O6/c7-1-2-3(8)4(9)5(10)6(11)12-2/h2-11H,1H2/t2-,3+,4+,5-,6?/m1/s1"
"C01825","InChI=1S/C6H12O6/c7-1-2-3(8)4(9)5(10)6(11)12-2/h2-11H,1H2/t2-,3+,4+,5-,6?/m0/s1"
"C01487","InChI=1S/C6H12O6/c7-1-2-3(8)4(9)5(10)6(11)12-2/h2-11H,1H2/t2-,3-,4-,5-,6?/m1/s1"
"C06464","InChI=1S/C6H12O6/c7-1-2-3(8)4(9)5(10)6(11)12-2/h2-11H,1H2/t2-,3-,4-,5+,6?/m1/s1"
"C06465","InChI=1S/C6H12O6/c7-1-2-3(8)4(9)5(10)6(11)12-2/h2-11H,1H2/t2-,3+,4-,5-,6?/m1/s1"
"C06466","InChI=1S/C6H12O6/c7-1-2-3(8)4(9)5(10)6(11)12-2/h2-11H,1H2/t2-,3+,4-,5+,6?/m1/s1"
"C06467","InChI=1S/C6H12O6/c7-1-2-3(8)4(9)5(10)6(11)12-2/h2-11H,1H2/t2-,3+,4+,5+,6?/m1/s1"
"C06474","InChI=1S/C6H10O5/c7-1-3(8)6-5(10)4(9)2-11-6/h1,3-6,8-10H,2H2/t3-,4+,5-,6+/m0/s1"
"C06478","InChI=1S/C6H10O5/c7-1-3(8)6-5(10)4(9)2-11-6/h1,3-6,8-10H,2H2/t3-,4+,5+,6+/m0/s1"
"C02022","InChI=1S/C4H8O4/c5-1-3(7)4(8)2-6/h3,5-7H,1-2H2/t3-/m1/s1"
"C00309","InChI=1S/C5H10O5/c6-2-5(9)4(8)3(7)1-10-5/h3-4,6-9H,1-2H2/t3-,4-,5?/m1/s1"
"C00508","InChI=1S/C5H10O5/c6-2-5(9)4(8)3(7)1-10-5/h3-4,6-9H,1-2H2/t3-,4-,5?/m0/s1"
"C00312","InChI=1S/C5H10O5/c6-2-5(9)4(8)3(7)1-10-5/h3-4,6-9H,1-2H2/t3-,4+,5?/m0/s1"
"C00095","InChI=1S/C6H12O6/c7-1-3-4(9)5(10)6(11,2-8)12-3/h3-5,7-11H,1-2H2/t3-,4-,5+,6?/m1/s1"
"C01719","InChI=1S/C6H12O6/c7-1-3-4(9)5(10)6(11,2-8)12-3/h3-5,7-11H,1-2H2/t3-,4-,5+,6?/m0/s1"
"C00764","InChI=1S/C6H12O6/c7-2-6(11)5(10)4(9)3(8)1-12-6/h3-5,7-11H,1-2H2/t3-,4+,5-,6?/m1/s1"
"C00247","InChI=1S/C6H12O6/c7-2-6(11)5(10)4(9)3(8)1-12-6/h3-5,7-11H,1-2H2/t3-,4+,5-,6?/m0/s1"
"C00795","InChI=1S/C6H12O6/c7-2-6(11)5(10)4(9)3(8)1-12-6/h3-5,7-11H,1-2H2/t3-,4+,5+,6?/m1/s1"
"C06468","InChI=1S/C6H12O6/c7-2-6(11)5(10)4(9)3(8)1-12-6/h3-5,7-11H,1-2H2/t3-,4-,5-,6?/m1/s1"
"C02076","InChI=1S/C7H14O7/c8-1-3-4(10)5(11)6(12)7(13,2-9)14-3/h3-6,8-13H,1-2H2/t3-,4-,5-,6+,7?/m1/s1"
"C19612","InChI=1S/C7H14O7/c8-1-3(10)5(12)7(14)6(13)4(11)2-9/h3-5,7-12,14H,1-2H2/t3-,4-,5-,7-/m1/s1"
"C01801","InChI=1S/C5H10O4/c6-2-4-3(7)1-5(8)9-4/h3-8H,1-2H2/t3-,4+,5?/m0/s1"
"C01018","InChI=1S/C6H12O5/c1-2-3(7)4(8)5(9)6(10)11-2/h2-10H,1H3/t2-,3+,4+,5-,6?/m1/s1"
"C01684","InChI=1S/C6H12O5/c1-2-3(7)4(8)5(9)6(10)11-2/h2-10H,1H3/t2-,3-,4+,5+,6+/m1/s1"
"C00586","InChI=1S/C6H12O5/c7-2-4-6(10)3(8)1-5(9)11-4/h3-10H,1-2H2/t3-,4-,5?,6+/m1/s1"
"C02522","InChI=1S/C6H12O5/c1-2-3(7)4(8)5(9)6(10)11-2/h2-10H,1H3/t2-,3-,4+,5-,6?/m1/s1"
"C06471","InChI=1S/C6H12O4/c1-3-4(7)2-5(8)6(9)10-3/h3-9H,2H2,1H3/t3-,4-,5-,6?/m1/s1"
"C00329","InChI=1S/C6H13NO5/c7-3-5(10)4(9)2(1-8)12-6(3)11/h2-6,8-11H,1,7H2/t2-,3-,4-,5-,6?/m1/s1"
"C02262","InChI=1S/C6H13NO5/c7-3-5(10)4(9)2(1-8)12-6(3)11/h2-6,8-11H,1,7H2/t2-,3-,4+,5-,6?/m1/s1"
"C03570","InChI=1S/C6H13NO5/c7-3-5(10)4(9)2(1-8)12-6(3)11/h2-6,8-11H,1,7H2/t2-,3+,4-,5-,6?/m1/s1"
"C15478","InChI=1S/C6H13NO4/c1-2-4(8)5(9)3(7)6(10)11-2/h2-6,8-10H,7H2,1H3/t2-,3-,4+,5-,6?/m1/s1"
"C15479","InChI=1S/C6H13NO4/c1-2-4(8)5(9)3(7)6(10)11-2/h2-6,8-10H,7H2,1H3/t2-,3-,4-,5-,6?/m1/s1"
"C06469","InChI=1S/C9H17NO8/c10-5-3(12)1-9(17,8(15)16)18-7(5)6(14)4(13)2-11/h3-7,11-14,17H,1-2,10H2,(H,15,16)/t3-,4+,5+,6+,7+,9?/m0/s1"
"C06470","InChI=1S/C9H17NO7/c1-3(8(13)14)16-7-5(10)9(15)17-4(2-11)6(7)12/h3-7,9,11-12,15H,2,10H2,1H3,(H,13,14)/t3-,4-,5-,6-,7-,9?/m1/s1"
"C00140","InChI=1S/C8H15NO6/c1-3(11)9-5-7(13)6(12)4(2-10)15-8(5)14/h4-8,10,12-14H,2H2,1H3,(H,9,11)/t4-,5-,6-,7-,8?/m1/s1"
"C01132","InChI=1S/C8H15NO6/c1-3(11)9-5-7(13)6(12)4(2-10)15-8(5)14/h4-8,10,12-14H,2H2,1H3,(H,9,11)/t4-,5-,6+,7-,8?/m1/s1"
"C15480","InChI=1S/C8H15NO5/c1-3-6(11)7(12)5(8(13)14-3)9-4(2)10/h3,5-8,11-13H,1-2H3,(H,9,10)/t3-,5-,6+,7-,8?/m1/s1"
"C15481","InChI=1S/C8H15NO5/c1-3-6(11)7(12)5(8(13)14-3)9-4(2)10/h3,5-8,11-13H,1-2H3,(H,9,10)/t3-,5-,6-,7-,8?/m1/s1"
"C00270","InChI=1S/C11H19NO9/c1-4(14)12-7-5(15)2-11(20,10(18)19)21-9(7)8(17)6(16)3-13/h5-9,13,15-17,20H,2-3H2,1H3,(H,12,14)(H,18,19)/t5-,6+,7+,8+,9+,11?/m0/s1"
"C03525","InChI=1S/C11H19NO9/c1-4(13)20-3-6(15)8(16)9-7(12)5(14)2-11(19,21-9)10(17)18/h5-9,14-16,19H,2-3,12H2,1H3,(H,17,18)/t5-,6+,7+,8+,9+,11?/m0/s1"
"C00905","InChI=1S/C6H10O7/c7-1-6(12)4(9)2(8)3(13-6)5(10)11/h2-4,7-9,12H,1H2,(H,10,11)/t2-,3+,4+,6?/m1/s1"
"C00558","InChI=1S/C6H10O7/c7-1-6(12)4(9)2(8)3(13-6)5(10)11/h2-4,7-9,12H,1H2,(H,10,11)/t2-,3-,4-,6?/m0/s1"
"C00191","InChI=1S/C6H10O7/c7-1-2(8)4(5(10)11)13-6(12)3(1)9/h1-4,6-9,12H,(H,10,11)/t1-,2-,3+,4-,6?/m0/s1"
"C00333","InChI=1S/C6H10O7/c7-1-2(8)4(5(10)11)13-6(12)3(1)9/h1-4,6-9,12H,(H,10,11)/t1-,2+,3+,4-,6?/m0/s1"
"C02024","InChI=1S/C6H10O7/c7-1-2(8)4(5(10)11)13-6(12)3(1)9/h1-4,6-9,12H,(H,10,11)/t1-,2-,3-,4-,6?/m0/s1"
"C06472","InChI=1S/C6H10O7/c7-1-2(8)4(5(10)11)13-6(12)3(1)9/h1-4,6-9,12H,(H,10,11)/t1-,2-,3+,4+,6?/m0/s1"
"C06477","InChI=1S/C6H10O7/c7-1-2(8)4(5(10)11)13-6(12)3(1)9/h1-4,6-9,12H,(H,10,11)/t1-,2-,3-,4+,6?/m0/s1"
"C03752","InChI=1S/C6H13NO6/c7-3(6(12)13)5(11)4(10)2(9)1-8/h2-5,8-11H,1,7H2,(H,12,13)/t2-,3-,4-,5-/m1/s1"
"C06473","InChI=1S/C6H10O7/c7-1-2(8)3(9)4(10)5(11)6(12)13/h2-4,7-10H,1H2,(H,12,13)/t2-,3-,4+/m1/s1"
"C01187","InChI=1S/C8H14O8/c9-2-5(12)7(14)6(13)3(10)1-4(11)8(15)16/h3,5-7,9-10,12-14H,1-2H2,(H,15,16)/t3-,5-,6-,7-/m1/s1"
"C00379","InChI=1S/C5H12O5/c6-1-3(8)5(10)4(9)2-7/h3-10H,1-2H2/t3-,4+,5+"
"C00243","InChI=1S/C12H22O11/c13-1-3-5(15)6(16)9(19)12(22-3)23-10-4(2-14)21-11(20)8(18)7(10)17/h3-20H,1-2H2/t3-,4-,5+,6+,7-,8-,9-,10-,11?,12+/m1/s1"
"C00208","InChI=1S/C12H22O11/c13-1-3-5(15)6(16)9(19)12(22-3)23-10-4(2-14)21-11(20)8(18)7(10)17/h3-20H,1-2H2/t3-,4-,5-,6+,7-,8-,9-,10-,11?,12-/m1/s1"
"C00185","InChI=1S/C12H22O11/c13-1-3-5(15)6(16)9(19)12(22-3)23-10-4(2-14)21-11(20)8(18)7(10)17/h3-20H,1-2H2/t3-,4-,5-,6+,7-,8-,9-,10-,11?,12+/m1/s1"
"C01518","InChI=1S/C12H22O11/c13-1-3-5(15)7(17)8(18)12(22-3)23-10-6(16)4(2-14)21-11(20)9(10)19/h3-20H,1-2H2/t3-,4-,5-,6-,7+,8-,9-,10+,11?,12-/m1/s1"
"C08250","InChI=1S/C12H22O11/c13-1-3-6(16)8(18)10(11(20)21-3)23-12-9(19)7(17)5(15)4(2-14)22-12/h3-20H,1-2H2/t3-,4-,5-,6-,7+,8+,9-,10-,11-,12+/m1/s1"
"C02048","InChI=1S/C12H22O11/c13-1-3-5(15)7(17)8(18)12(22-3)23-10-6(16)4(2-14)21-11(20)9(10)19/h3-20H,1-2H2/t3-,4-,5-,6-,7+,8-,9-,10+,11?,12+/m1/s1"
"C08240","InChI=1S/C12H22O11/c13-1-3-5(14)8(17)10(19)12(23-3)21-2-4-6(15)7(16)9(18)11(20)22-4/h3-20H,1-2H2/t3-,4-,5-,6-,7+,8+,9-,10-,11-,12-/m1/s1"
"C19633","InChI=1S/C12H22O11/c13-1-4(16)7(18)11(5(17)2-14)23-12-10(21)9(20)8(19)6(3-15)22-12/h5-15,17-21H,1-3H2/t5-,6-,7-,8-,9+,10-,11-,12-/m1/s1"
"C01742","InChI=1S/C12H22O11/c13-1-4-6(15)8(17)9(18)11(22-4)21-2-5-7(16)10(19)12(20,3-14)23-5/h4-11,13-20H,1-3H2/t4-,5-,6-,7-,8+,9-,10+,11+,12?/m1/s1"
"C19635","InChI=1S/C12H22O10/c1-4(15)11(7(17)5(16)2-13)22-12-10(20)9(19)8(18)6(3-14)21-12/h2,4-12,14-20H,3H2,1H3/t4-,5-,6+,7-,8+,9-,10+,11-,12-/m0/s1"
"C01728","InChI=1S/C12H22O11/c13-1-3-5(14)8(17)10(19)12(23-3)21-2-4-6(15)7(16)9(18)11(20)22-4/h3-20H,1-2H2/t3-,4-,5-,6-,7+,8+,9+,10+,11+,12+/m1/s1"
"C06372","InChI=1S/C14H25NO11/c1-4(18)15-7-12(9(20)6(3-17)24-13(7)23)26-14-11(22)10(21)8(19)5(2-16)25-14/h5-14,16-17,19-23H,2-3H2,1H3,(H,15,18)/t5-,6-,7-,8+,9-,10+,11-,12-,13?,14+/m1/s1"
"C19634","InChI=1S/C12H22O11/c13-1-4(15)7(17)8(18)5(16)3-22-12-11(21)10(20)9(19)6(2-14)23-12/h5-14,16-21H,1-3H2/t5-,6-,7-,8-,9+,10+,11-,12+/m1/s1"
"C08247","InChI=1S/C12H22O10/c1-3-5(13)7(15)10(18)12(21-3)20-2-4-6(14)8(16)9(17)11(19)22-4/h3-19H,2H2,1H3/t3-,4+,5-,6+,7+,8-,9+,10+,11+,12+/m0/s1"
"C01625","InChI=1S/C11H20O10/c12-3-1-19-11(9(17)5(3)13)20-2-4-6(14)7(15)8(16)10(18)21-4/h3-18H,1-2H2/t3-,4+,5-,6+,7-,8+,9+,10?,11-/m0/s1"
"C01630","InChI=1S/C10H18O9/c11-3-1-18-10(8(15)5(3)12)19-4-2-17-9(16)7(14)6(4)13/h3-16H,1-2H2/t3-,4-,5+,6+,7-,8-,9?,10+/m1/s1"
"C00206","InChI=1S/C10H15N5O9P2/c11-9-8-10(13-3-12-9)15(4-14-8)7-1-5(16)6(23-7)2-22-26(20,21)24-25(17,18)19/h3-7,16H,1-2H2,(H,20,21)(H2,11,12,13)(H2,17,18,19)/t5-,6+,7+/m0/s1"
"C00943","InChI=1S/C10H11N4O7P/c15-6-7-4(1-19-22(17,18)21-7)20-10(6)14-3-13-5-8(14)11-2-12-9(5)16/h2-4,6-7,10,15H,1H2,(H,17,18)(H,11,12,16)/t4-,6-,7-,10-/m1/s1"
"C00968","InChI=1S/C10H12N5O5P/c11-9-8-10(13-3-12-9)15(4-14-8)7-1-5-6(19-7)2-18-21(16,17)20-5/h3-7H,1-2H2,(H,16,17)(H2,11,12,13)/t5-,6+,7+/m0/s1"
"C02507","InChI=1S/C10H12N5O6P/c11-10-13-8-7(9(16)14-10)12-3-15(8)6-1-4-5(20-6)2-19-22(17,18)21-4/h3-6H,1-2H2,(H,17,18)(H3,11,13,14,16)/t4-,5+,6+/m0/s1"
"C00941","InChI=1S/C9H12N3O7P/c10-5-1-2-12(9(14)11-5)8-6(13)7-4(18-8)3-17-20(15,16)19-7/h1-2,4,6-8,13H,3H2,(H,15,16)(H2,10,11,14)/t4-,6-,7-,8-/m1/s1"
"C02353","InChI=1S/C10H12N5O6P/c11-8-5-9(13-2-12-8)15(3-14-5)10-7-6(4(1-16)19-10)20-22(17,18)21-7/h2-4,6-7,10,16H,1H2,(H,17,18)(H2,11,12,13)/t4-,6-,7-,10-/m1/s1"
"C02354","InChI=1S/C9H12N3O7P/c10-5-1-2-12(9(14)11-5)8-7-6(4(3-13)17-8)18-20(15,16)19-7/h1-2,4,6-8,13H,3H2,(H,15,16)(H2,10,11,14)/t4-,6-,7-,8-/m1/s1"
"C00993","InChI=1S/C6H12N2O3/c1-3(7)5(9)8-4(2)6(10)11/h3-4H,7H2,1-2H3,(H,8,9)(H,10,11)/t3-,4?/m1/s1"
"C16138","InChI=1S/C12H21N3O3/c1-8-5-7-14-10(8)11(16)15-6-3-2-4-9(13)12(17)18/h7-10H,2-6,13H2,1H3,(H,15,16)(H,17,18)/t8-,9+,10-/m1/s1"
"C00155","InChI=1S/C4H9NO2S/c5-3(1-2-8)4(6)7/h3,8H,1-2,5H2,(H,6,7)/t3-/m0/s1"
"C06417","InChI=1S/C5H11NO2/c1-3(2)4(6)5(7)8/h3-4H,6H2,1-2H3,(H,7,8)/t4-/m1/s1"
"C06418","InChI=1S/C6H13NO2/c1-3-4(2)5(7)6(8)9/h4-5H,3,7H2,1-2H3,(H,8,9)/t4-,5-/m1/s1"
"C00820","InChI=1S/C4H9NO3/c1-2(6)3(5)4(7)8/h2-3,6H,5H2,1H3,(H,7,8)/t2-,3+/m0/s1"
"C00855","InChI=1S/C5H11NO2S/c1-9-3-2-4(6)5(7)8/h4H,2-3,6H2,1H3,(H,7,8)/t4-/m1/s1"
"C06419","InChI=1S/C6H9N3O2/c7-5(6(10)11)1-4-2-8-3-9-4/h2-3,5H,1,7H2,(H,8,9)(H,10,11)/t5-/m1/s1"
"C02265","InChI=1S/C9H11NO2/c10-8(9(11)12)6-7-4-2-1-3-5-7/h1-5,8H,6,10H2,(H,11,12)/t8-/m1/s1"
"C06420","InChI=1S/C9H11NO3/c10-8(9(12)13)5-6-1-3-7(11)4-2-6/h1-4,8,11H,5,10H2,(H,12,13)/t8-/m1/s1"
"C01420","InChI=1S/C6H12N2O4S2/c7-3(5(9)10)1-13-14-2-4(8)6(11)12/h3-4H,1-2,7-8H2,(H,9,10)(H,11,12)"
"C03145","InChI=1S/C6H11NO3S/c1-11-3-2-5(6(9)10)7-4-8/h4-5H,2-3H2,1H3,(H,7,8)(H,9,10)/t5-/m0/s1"
"C03194","InChI=1S/C3H9NO/c1-3(5)2-4/h3,5H,2,4H2,1H3/t3-/m1/s1"
"C05443","InChI=1S/C27H44O/c1-19(2)8-6-9-21(4)25-15-16-26-22(10-7-17-27(25,26)5)12-13-23-18-24(28)14-11-20(23)3/h12-13,19,21,24-26,28H,3,6-11,14-18H2,1-2,4-5H3/b22-12+,23-13-/t21-,24+,25-,26+,27-/m1/s1"
"C00828","InChI=1S/C21H24O2/c1-14(2)8-7-9-15(3)12-13-17-16(4)20(22)18-10-5-6-11-19(18)21(17)23/h5-6,8,10-12H,7,9,13H2,1-4H3/b15-12+"
"C00864","InChI=1S/C9H17NO5/c1-9(2,5-11)7(14)8(15)10-4-3-6(12)13/h7,11,14H,3-5H2,1-2H3,(H,10,15)(H,12,13)/t7-/m0/s1"
"C00072","InChI=1S/C6H8O6/c7-1-2(8)5-3(9)4(10)6(11)12-5/h2,5,7-10H,1H2/t2-,5+/m0/s1"
"C00010","InChI=1S/C21H36N7O16P3S/c1-21(2,16(31)19(32)24-4-3-12(29)23-5-6-48)8-41-47(38,39)44-46(36,37)40-7-11-15(43-45(33,34)35)14(30)20(42-11)28-10-27-13-17(22)25-9-26-18(13)28/h9-11,14-16,20,30-31,48H,3-8H2,1-2H3,(H,23,29)(H,24,32)(H,36,37)(H,38,39)(H2,22,25,26)(H2,33,34,35)/t11-,14-,15-,16+,20-/m1/s1"
"C00101","InChI=1S/C19H23N7O6/c20-19-25-15-14(17(30)26-19)23-11(8-22-15)7-21-10-3-1-9(2-4-10)16(29)24-12(18(31)32)5-6-13(27)28/h1-4,11-12,21,23H,5-8H2,(H,24,29)(H,27,28)(H,31,32)(H4,20,22,25,26,30)/t11?,12-/m0/s1"
"C00194","InChI=1S/C62H90N13O14P.C10H12N5O3.Co/c1-29-20-39-40(21-30(29)2)75(28-70-39)57-52(84)53(41(27-76)87-57)89-90(85,86)88-31(3)26-69-49(83)18-19-59(8)37(22-46(66)80)56-62(11)61(10,25-48(68)82)36(14-17-45(65)79)51(74-62)33(5)55-60(9,24-47(67)81)34(12-15-43(63)77)38(71-55)23-42-58(6,7)35(13-16-44(64)78)50(72-42)32(4)54(59)73-56;1-4-6(16)7(17)10(18-4)15-3-14-5-8(11)12-2-13-9(5)15;/h20-21,23,28,31,34-37,41,52-53,56-57,76,84H,12-19,22,24-27H2,1-11H3,(H15,63,64,65,66,67,68,69,71,72,73,74,77,78,79,80,81,82,83,85,86);2-4,6-7,10,16-17H,1H2,(H2,11,12,13);/q;;+2/p-2/t31-,34-,35-,36-,37+,41-,52-,53-,56?,57+,59-,60+,61+,62+;4-,6-,7-,10-;/m11./s1"
"C00019","InChI=1S/C15H22N6O5S/c1-27(3-2-7(16)15(24)25)4-8-10(22)11(23)14(26-8)21-6-20-9-12(17)18-5-19-13(9)21/h5-8,10-11,14,22-23H,2-4,16H2,1H3,(H2-,17,18,19,24,25)/t7-,8+,10+,11+,14+,27?/m0/s1"
"C00029","InChI=1S/C15H24N2O17P2/c18-3-5-8(20)10(22)12(24)14(32-5)33-36(28,29)34-35(26,27)30-4-6-9(21)11(23)13(31-6)17-2-1-7(19)16-15(17)25/h1-2,5-6,8-14,18,20-24H,3-4H2,(H,26,27)(H,28,29)(H,16,19,25)/t5-,6-,8-,9-,10+,11-,12-,13-,14-/m1/s1"
"C04628","InChI=1S/C11H22NO7PS/c1-8(19-20(16,17)18)10(11(14)15)12-9(13)6-4-2-3-5-7-21/h8,10,21H,2-7H2,1H3,(H,12,13)(H,14,15)(H2,16,17,18)/t8-,10+/m1/s1"
"C05777","InChI=1S/C42H52N6O13.Ni/c1-40(16-30(43)50)22(5-9-33(54)55)27-15-42-41(2,17-31(51)48-42)23(6-10-34(56)57)26(47-42)13-24-20(11-35(58)59)19(4-8-32(52)53)39(45-24)37-28(49)7-3-18-21(12-36(60)61)25(46-38(18)37)14-29(40)44-27;/h13,18-23,25,27H,3-12,14-17H2,1-2H3,(H9,43,45,46,47,48,49,50,51,52,53,54,55,56,57,58,59,60,61);/q;+2/p-1/t18-,19-,20-,21-,22+,23+,25+,27-,40-,41-,42-;/m0./s1"
"C11378","InChI=1S/C59H90O4/c1-44(2)24-15-25-45(3)26-16-27-46(4)28-17-29-47(5)30-18-31-48(6)32-19-33-49(7)34-20-35-50(8)36-21-37-51(9)38-22-39-52(10)40-23-41-53(11)42-43-55-54(12)56(60)58(62-13)59(63-14)57(55)61/h24,26,28,30,32,34,36,38,40,42H,15-23,25,27,29,31,33,35,37,39,41,43H2,1-14H3/b45-26+,46-28+,47-30+,48-32+,49-34+,50-36+,51-38+,52-40+,53-42+"
"C00862","InChI=1S/C34H44N4O15/c35-16-22-15-20(18-53-22)17-52-21-3-1-19(2-4-21)13-14-36-27(39)10-7-25(33(48)49)38-29(41)11-8-26(34(50)51)37-28(40)9-5-23(31(44)45)24(32(46)47)6-12-30(42)43/h1-4,15,18,23-26H,5-14,16-17,35H2,(H,36,39)(H,37,40)(H,38,41)(H,42,43)(H,44,45)(H,46,47)(H,48,49)(H,50,51)/t23?,24?,25-,26-/m0/s1"
"C15670","InChI=1S/C49H58N4O6.Fe/c1-9-34-31(6)39-25-45-49(46(55)18-12-17-30(5)16-11-15-29(4)14-10-13-28(2)3)33(8)40(52-45)24-44-37(27-54)36(20-22-48(58)59)43(53-44)26-42-35(19-21-47(56)57)32(7)38(51-42)23-41(34)50-39;/h9,13,15,17,23-27,46,55H,1,10-12,14,16,18-22H2,2-8H3,(H4,50,51,52,53,54,56,57,58,59);/q;+2/p-2/b29-15+,30-17+,38-23-,39-25-,40-24-,41-23-,42-26-,43-26-,44-24-,45-25-;"
"C00032","InChI=1S/C34H34N4O4.Fe/c1-7-21-17(3)25-13-26-19(5)23(9-11-33(39)40)31(37-26)16-32-24(10-12-34(41)42)20(6)28(38-32)15-30-22(8-2)18(4)27(36-30)14-29(21)35-25;/h7-8,13-16H,1-2,9-12H2,3-6H3,(H4,35,36,37,38,39,40,41,42);/q;+2/p-2/b25-13-,26-13-,27-14-,28-15-,29-14-,30-15-,31-16-,32-16-;"
"C00725","InChI=1S/C8H14O2S2/c9-8(10)4-2-1-3-7-5-6-11-12-7/h7H,1-6H2,(H,9,10)"
"C18237","InChI=1S/C10H14N5O6PS2.Mo.2O/c11-10-14-7-4(8(16)15-10)12-3-6(24)5(23)2(21-9(3)13-7)1-20-22(17,18)19;;;/h2-3,9,12,23-24H,1H2,(H2,17,18,19)(H4,11,13,14,15,16);;;/q;+2;;/p-2/t2-,3+,9-;;;/m1.../s1"
"C14392","InChI=1S/C18H20O2/c1-18-9-8-14-13-5-3-12(19)10-11(13)2-4-15(14)16(18)6-7-17(18)20/h3-5,10,14,16,19H,2,6-9H2,1H3/t14-,16+,18+/m1/s1"
"C14303","InChI=1S/C18H18O2/c1-18-9-8-14-13-5-3-12(19)10-11(13)2-4-15(14)16(18)6-7-17(18)20/h2-5,10,16,19H,6-9H2,1H3/t16-,18-/m0/s1"
"C03935","InChI=1S/C18H24O3/c1-18-7-6-12-11-3-2-10(19)8-14(11)16(20)9-13(12)15(18)4-5-17(18)21/h2-3,8,12-13,15-17,19-21H,4-7,9H2,1H3/t12-,13-,15+,16-,17+,18+/m1/s1"
"C00523","InChI=1S/C19H30O2/c1-18-9-7-13(20)11-12(18)3-4-14-15-5-6-17(21)19(15,2)10-8-16(14)18/h12-16,20H,3-11H2,1-2H3/t12-,13+,14-,15-,16-,18-,19-/m0/s1"
"C15638","InChI=1S/C19H32O/c1-18-9-3-4-16(18)15-6-5-13-12-14(20)7-11-19(13,2)17(15)8-10-18/h13-17,20H,3-12H2,1-2H3/t13-,14+,15-,16-,17-,18-,19-/m0/s1"
"C01227","InChI=1S/C19H28O2/c1-18-9-7-13(20)11-12(18)3-4-14-15-5-6-17(21)19(15,2)10-8-16(14)18/h3,13-16,20H,4-11H2,1-2H3/t13-,14-,15-,16-,18-,19-/m0/s1"
"C01953","InChI=1S/C21H32O2/c1-13(22)17-6-7-18-16-5-4-14-12-15(23)8-10-20(14,2)19(16)9-11-21(17,18)3/h4,15-19,23H,5-12H2,1-3H3/t15-,16-,17+,18-,19-,20-,21+/m0/s1"
"C01780","InChI=1S/C21H28O5/c1-20-7-6-13(24)8-12(20)2-3-14-15-4-5-16(18(26)10-22)21(15,11-23)9-17(25)19(14)20/h8,11,14-17,19,22,25H,2-7,9-10H2,1H3/t14-,15-,16+,17-,19+,20-,21+/m0/s1"
"C00735","InChI=1S/C21H30O5/c1-19-7-5-13(23)9-12(19)3-4-14-15-6-8-21(26,17(25)11-22)20(15,2)10-16(24)18(14)19/h9,14-16,18,22,24,26H,3-8,10-11H2,1-2H3/t14-,15-,16-,18+,19-,20-,21-/m0/s1"
"C08859","InChI=1S/C30H44O9/c1-17-26(33)23(36-3)13-25(38-17)39-19-4-9-28(16-31)21-5-8-27(2)20(18-12-24(32)37-15-18)7-11-30(27,35)22(21)6-10-29(28,34)14-19/h12,16-17,19-23,25-26,33-35H,4-11,13-15H2,1-3H3/t17-,19+,20-,21+,22-,23+,25+,26-,27-,28+,29+,30+/m1/s1"
"C08866","InChI=1S/C41H64O14/c1-19-36(47)27(42)14-33(50-19)54-38-21(3)52-34(16-29(38)44)55-37-20(2)51-32(15-28(37)43)53-24-8-10-39(4)23(13-24)6-7-26-25(39)9-11-40(5)35(22-12-31(46)49-18-22)30(45)17-41(26,40)48/h12,19-21,23-30,32-38,42-45,47-48H,6-11,13-18H2,1-5H3/t19-,20-,21-,23-,24+,25+,26-,27+,28+,29+,30+,32+,33+,34+,35+,36-,37-,38-,39+,40-,41+/m1/s1"
"C08876","InChI=1S/C30H46O8/c1-16-24(32)26(35-4)25(33)27(37-16)38-19-7-10-28(2)18(14-19)5-6-22-21(28)8-11-29(3)20(9-12-30(22,29)34)17-13-23(31)36-15-17/h13,16,18-22,24-27,32-34H,5-12,14-15H2,1-4H3/t16-,18+,19-,20+,21-,22+,24-,25-,26+,27-,28-,29+,30-/m0/s1"
"C06956","InChI=1S/C41H64O14/c1-19-36(47)28(42)15-34(50-19)54-38-21(3)52-35(17-30(38)44)55-37-20(2)51-33(16-29(37)43)53-24-8-10-39(4)23(13-24)6-7-26-27(39)14-31(45)40(5)25(9-11-41(26,40)48)22-12-32(46)49-18-22/h12,19-21,23-31,33-38,42-45,47-48H,6-11,13-18H2,1-5H3/t19-,20-,21-,23-,24+,25-,26-,27+,28+,29+,30+,31-,33+,34+,35+,36-,37-,38-,39+,40+,41+/m1/s1"
"C03990","InChI=1S/C24H40O3/c1-15(4-9-22(26)27)19-7-8-20-18-6-5-16-14-17(25)10-12-23(16,2)21(18)11-13-24(19,20)3/h15-21,25H,4-14H2,1-3H3,(H,26,27)/t15-,16-,17-,18+,19-,20+,21+,23+,24-/m1/s1"
"C07880","InChI=1S/C24H40O4/c1-14(4-7-21(27)28)17-5-6-18-22-19(9-11-24(17,18)3)23(2)10-8-16(25)12-15(23)13-20(22)26/h14-20,22,25-26H,4-13H2,1-3H3,(H,27,28)/t14-,15+,16-,17-,18+,19+,20+,22+,23+,24-/m1/s1"
"C01921","InChI=1S/C26H43NO6/c1-14(4-7-22(31)27-13-23(32)33)17-5-6-18-24-19(12-21(30)26(17,18)3)25(2)9-8-16(28)10-15(25)11-20(24)29/h14-21,24,28-30H,4-13H2,1-3H3,(H,27,31)(H,32,33)/t14-,15+,16-,17-,18+,19+,20-,21+,24+,25+,26-/m1/s1"
"C05122","InChI=1S/C26H45NO8S/c1-15(4-7-23(31)27-10-11-35-36(32,33)34)18-5-6-19-24-20(14-22(30)26(18,19)3)25(2)9-8-17(28)12-16(25)13-21(24)29/h15-22,24,28-30H,4-14H2,1-3H3,(H,27,31)(H,32,33,34)/t15-,16+,17-,18-,19+,20+,21-,22+,24?,25+,26-/m1/s1"
"C15517","InChI=1S/C24H40O4/c1-14(4-7-22(27)28)17-5-6-18-16-13-21(26)20-12-15(25)8-10-24(20,3)19(16)9-11-23(17,18)2/h14-21,25-26H,4-13H2,1-3H3,(H,27,28)/t14-,15-,16+,17-,18+,19+,20+,21+,23-,24-/m1/s1"
"C03070","InChI=1S/C24H38O3/c1-15(4-9-22(26)27)19-7-8-20-18-6-5-16-14-17(25)10-12-23(16,2)21(18)11-13-24(19,20)3/h15-16,18-21H,4-14H2,1-3H3,(H,26,27)/t15-,16+,18-,19+,20-,21-,23-,24+/m0/s1"
"C08868","InChI=1S/C36H52O15/c1-17-30(51-32-28(43)26(41)25(40)23(14-37)50-32)27(42)29(44)31(48-17)49-19-5-10-34(16-38)21-6-9-33(2)20(18-3-4-24(39)47-15-18)8-12-36(33,46)22(21)7-11-35(34,45)13-19/h3-4,15-17,19-23,25-32,37,40-46H,5-14H2,1-2H3/t17-,19-,20+,21-,22+,23+,25+,26-,27-,28+,29+,30-,31-,32-,33+,34-,35-,36-/m0/s1"
"C17058","InChI=1S/C24H32O4/c1-22-9-7-16(25)11-15(22)4-5-18-17(22)8-10-23(2)19(12-20-24(18,23)28-20)14-3-6-21(26)27-13-14/h3,6,13,15-20,25H,4-5,7-12H2,1-2H3/t15-,16+,17?,18?,19-,20-,22+,23-,24-/m1/s1"
"C16922","InChI=1S/C24H34O4/c1-22-10-7-17(25)13-16(22)4-5-20-19(22)8-11-23(2)18(9-12-24(20,23)27)15-3-6-21(26)28-14-15/h3,6,14,16-20,25,27H,4-5,7-13H2,1-2H3/t16-,17+,18-,19+,20-,22+,23-,24+/m1/s1"
"C16923","InChI=1S/C26H36O6/c1-15(27)32-21-13-26(30)20-6-5-17-12-18(28)8-10-24(17,2)19(20)9-11-25(26,3)23(21)16-4-7-22(29)31-14-16/h4,7,14,17-21,23,28,30H,5-6,8-13H2,1-3H3/t17-,18+,19+,20-,21+,23+,24+,25-,26+/m1/s1"
"C16931","InChI=1S/C26H34O6/c1-14(27)31-22-21(15-4-7-20(29)30-13-15)25(3)11-9-18-19(26(25)23(22)32-26)6-5-16-12-17(28)8-10-24(16,18)2/h4,7,13,16-19,21-23,28H,5-6,8-12H2,1-3H3/t16-,17+,18+,19-,21+,22-,23-,24+,25-,26-/m1/s1"
"C16932","InChI=1S/C26H34O7/c1-14(27)32-21-20(15-4-5-19(29)31-13-15)24(3)10-7-17-18(26(24)22(21)33-26)8-11-25(30)12-16(28)6-9-23(17,25)2/h4-5,13,16-18,20-22,28,30H,6-12H2,1-3H3/t16-,17?,18?,20-,21+,22+,23+,24+,25-,26+/m0/s1"
"C16962","InChI=1S/C24H34O5/c1-22-9-7-16(25)11-15(22)4-5-18-21(22)19(26)12-23(2)17(8-10-24(18,23)28)14-3-6-20(27)29-13-14/h3,6,13,15-19,21,25-26,28H,4-5,7-12H2,1-2H3/t15-,16+,17-,18-,19-,21-,22+,23-,24+/m1/s1"
"C16969","InChI=1S/C24H32O6/c1-21-8-5-18-19(6-10-23(28)12-16(26)4-9-22(18,23)14-25)24(21,29)11-7-17(21)15-2-3-20(27)30-13-15/h2-3,13-14,16-19,26,28-29H,4-12H2,1H3/t16-,17+,18-,19+,21+,22-,23-,24-/m0/s1"
"C17072","InChI=1S/C24H34O5/c1-21-9-5-16(25)13-23(21,27)11-7-19-18(21)6-10-22(2)17(8-12-24(19,22)28)15-3-4-20(26)29-14-15/h3-4,14,16-19,25,27-28H,5-13H2,1-2H3/t16-,17+,18-,19+,21+,22+,23-,24-/m0/s1"
"C12816","InChI=1S/C30H42O8/c1-16-24(32)25(33)26(34)27(37-16)38-19-8-11-28(2)18(14-19)5-6-22-21(28)9-12-29(3)20(10-13-30(22,29)35)17-4-7-23(31)36-15-17/h4,7,14-16,19-22,24-27,32-35H,5-6,8-13H2,1-3H3/t16-,19-,20+,21-,22+,24-,25+,26+,27-,28-,29+,30-/m0/s1"
"C19643","InChI=1S/C24H32O4/c1-22-10-7-17(25)13-16(22)4-5-20-19(22)8-11-23(2)18(9-12-24(20,23)27)15-3-6-21(26)28-14-15/h3,6,13-14,17-20,25,27H,4-5,7-12H2,1-2H3/t17-,18+,19?,20?,22-,23+,24-/m0/s1"
"C08880","InChI=1S/C32H44O12/c1-16(34)42-21-13-31(39)23(8-10-30(3)19(7-11-32(30,31)40)17-4-5-24(35)41-15-17)29(2)9-6-18(12-20(21)29)43-28-27(38)26(37)25(36)22(14-33)44-28/h4-5,12,15,18-19,21-23,25-28,33,36-40H,6-11,13-14H2,1-3H3/t18-,19+,21+,22+,23+,25+,26-,27+,28+,29-,30+,31-,32+/m0/s1"
"C15337","InChI=1S/C27H46O/c1-18(2)7-6-8-19(3)23-11-12-24-22-10-9-20-17-21(28)13-15-26(20,4)25(22)14-16-27(23,24)5/h17-19,21-25,28H,6-16H2,1-5H3/t19-,21+,22+,23-,24+,25+,26+,27-/m1/s1"
"C00187","InChI=1S/C27H46O/c1-18(2)7-6-8-19(3)23-11-12-24-22-10-9-20-17-21(28)13-15-26(20,4)25(22)14-16-27(23,24)5/h9,18-19,21-25,28H,6-8,10-17H2,1-5H3/t19-,21+,22+,23-,24+,25+,26+,27-/m1/s1"
"C00477","InChI=1S/C27H44O6/c1-15(20(28)8-9-24(2,3)32)16-7-11-27(33)18-12-21(29)19-13-22(30)23(31)14-25(19,4)17(18)6-10-26(16,27)5/h12,15-17,19-20,22-23,28,30-33H,6-11,13-14H2,1-5H3/t15-,16+,17-,19-,20+,22+,23-,25+,26+,27+/m0/s1"
"C08896","InChI=1S/C27H44O5/c1-14-7-10-27(31-13-14)15(2)21-24(32-27)23(30)22-17-6-5-16-11-19(28)20(29)12-26(16,4)18(17)8-9-25(21,22)3/h14-24,28-30H,5-13H2,1-4H3/t14-,15+,16+,17-,18+,19-,20-,21+,22-,23+,24-,25-,26+,27-/m1/s1"
"C08898","InChI=1S/C27H42O3/c1-16-7-12-27(29-15-16)17(2)24-23(30-27)14-22-20-6-5-18-13-19(28)8-10-25(18,3)21(20)9-11-26(22,24)4/h5,16-17,19-24,28H,6-15H2,1-4H3/t16-,17+,19+,20-,21+,22+,23+,24+,25+,26+,27-/m1/s1"
"C08899","InChI=1S/C27H44O4/c1-15-7-10-27(30-14-15)16(2)24-23(31-27)12-20-18-6-5-17-11-21(28)22(29)13-26(17,4)19(18)8-9-25(20,24)3/h15-24,28-29H,5-14H2,1-4H3/t15-,16+,17+,18-,19+,20+,21-,22-,23+,24+,25+,26+,27-/m1/s1"
"C08914","InChI=1S/C27H44O3/c1-16-7-12-27(29-15-16)17(2)24-23(30-27)14-22-20-6-5-18-13-19(28)8-10-25(18,3)21(20)9-11-26(22,24)4/h16-24,28H,5-15H2,1-4H3/t16-,17+,18+,19+,20-,21+,22+,23+,24+,25+,26+,27-/m1/s1"
"C04715","InChI=1S/C27H42O4/c1-16-23-22(30-27(16)12-11-24(2,15-28)31-27)14-21-19-6-5-17-13-18(29)7-9-25(17,3)20(19)8-10-26(21,23)4/h5,16,18-23,28-29H,6-15H2,1-4H3/t16-,18-,19+,20-,21-,22-,23-,24-,25-,26-,27-/m0/s1"
"C19648","InChI=1S/C27H44O3/c1-16(15-28)5-8-23-17(2)25-24(30-23)14-22-20-7-6-18-13-19(29)9-11-26(18,3)21(20)10-12-27(22,25)4/h16,18-22,24-25,28-29H,5-15H2,1-4H3/t16-,18+,19+,20-,21+,22+,24+,25+,26+,27+/m1/s1"
"C19649","InChI=1S/C27H44O3/c1-16(15-28)5-8-23-17(2)25-24(30-23)14-22-20-7-6-18-13-19(29)9-11-26(18,3)21(20)10-12-27(22,25)4/h16,18-22,24-25,28-29H,5-15H2,1-4H3/t16-,18+,19-,20?,21-,22-,24-,25-,26-,27-/m0/s1"
"C19650","InChI=1S/C27H44O3/c1-16(15-28)5-8-23-17(2)25-24(30-23)14-22-20-7-6-18-13-19(29)9-11-26(18,3)21(20)10-12-27(22,25)4/h16,18-22,24-25,28-29H,5-15H2,1-4H3/t16-,18-,19+,20-,21+,22+,24+,25+,26+,27+/m1/s1"
"C19651","InChI=1S/C28H50O/c1-18(2)19(3)7-8-20(4)24-11-12-25-23-10-9-21-17-22(29)13-15-27(21,5)26(23)14-16-28(24,25)6/h18-26,29H,7-17H2,1-6H3/t19-,20+,21-,22-,23-,24+,25-,26-,27-,28+/m0/s1"
"C19652","InChI=1S/C28H48O/c1-18(2)19(3)7-8-20(4)24-11-12-25-23-10-9-21-17-22(29)13-15-27(21,5)26(23)14-16-28(24,25)6/h18-22,24,26,29H,7-17H2,1-6H3/t19-,20+,21-,22-,24+,26-,27-,28+/m0/s1"
"C01694","InChI=1S/C28H44O/c1-18(2)19(3)7-8-20(4)24-11-12-25-23-10-9-21-17-22(29)13-15-27(21,5)26(23)14-16-28(24,25)6/h7-10,18-20,22,24-26,29H,11-17H2,1-6H3/b8-7+/t19-,20+,22-,24+,25-,26-,27-,28+/m0/s1"
"C19653","InChI=1S/C28H44O/c1-18(2)19(3)7-8-20(4)24-11-12-25-23-10-9-21-17-22(29)13-15-27(21,5)26(23)14-16-28(24,25)6/h7-10,18-20,22,24-26,29H,11-17H2,1-6H3/b8-7+/t19-,20+,22-,24+,25-,26+,27+,28+/m0/s1"
"C08814","InChI=1S/C28H48O6/c1-14(2)15(3)24(31)25(32)16(4)18-7-8-19-17-13-34-26(33)21-11-22(29)23(30)12-28(21,6)20(17)9-10-27(18,19)5/h14-25,29-32H,7-13H2,1-6H3/t15-,16-,17-,18+,19-,20-,21+,22-,23+,24+,25+,27+,28+/m0/s1"
"C15787","InChI=1S/C28H50O/c1-18(2)19(3)7-8-20(4)24-11-12-25-23-10-9-21-17-22(29)13-15-27(21,5)26(23)14-16-28(24,25)6/h18-26,29H,7-17H2,1-6H3/t19-,20-,21+,22+,23+,24-,25?,26+,27+,28-/m1/s1"
"C01789","InChI=1S/C28H48O/c1-18(2)19(3)7-8-20(4)24-11-12-25-23-10-9-21-17-22(29)13-15-27(21,5)26(23)14-16-28(24,25)6/h9,18-20,22-26,29H,7-8,10-17H2,1-6H3/t19-,20-,22+,23+,24-,25+,26+,27+,28-/m1/s1"
"C08817","InChI=1S/C29H48O/c1-7-21(19(2)3)9-8-20(4)25-12-13-26-24-11-10-22-18-23(30)14-16-28(22,5)27(24)15-17-29(25,26)6/h7,10,19-20,23-27,30H,8-9,11-18H2,1-6H3/b21-7+/t20-,23+,24+,25-,26+,27+,28+,29-/m1/s1"
"C19644","InChI=1S/C29H52O/c1-7-21(19(2)3)9-8-20(4)25-12-13-26-24-11-10-22-18-23(30)14-16-28(22,5)27(24)15-17-29(25,26)6/h19-27,30H,7-18H2,1-6H3/t20-,21-,22+,23+,24+,25-,26+,27+,28+,29-/m1/s1"
"C08836","InChI=1S/C29H48O/c1-7-21(19(2)3)9-8-20(4)25-12-13-26-24-11-10-22-18-23(30)14-16-28(22,5)27(24)15-17-29(25,26)6/h8-10,19-21,23-27,30H,7,11-18H2,1-6H3/b9-8+/t20-,21+,23+,24+,25-,26+,27+,28+,29-/m1/s1"
"C19657","InChI=1S/C30H50O/c1-18(2)20(4)30(7)17-27(30)19(3)24-10-11-25-23-9-8-21-16-22(31)12-14-28(21,5)26(23)13-15-29(24,25)6/h9,18-22,24-27,31H,8,10-17H2,1-7H3/t19-,20+,21-,22-,24+,25-,26-,27+,28-,29+,30+/m0/s1"
"C19655","InChI=1S/C30H50O/c1-18(2)20(4)30(7)17-27(30)19(3)24-10-11-25-23-9-8-21-16-22(31)12-14-28(21,5)26(23)13-15-29(24,25)6/h8,18-20,22-27,31H,9-17H2,1-7H3/t19-,20+,22-,23-,24+,25-,26-,27+,28-,29+,30+/m0/s1"
"C19656","InChI=1S/C30H52O4/c1-16(2)18(4)27(5)14-23(27)17(3)21-8-9-22-20-12-25(33)30(34)13-19(31)10-11-29(30,7)26(20)24(32)15-28(21,22)6/h16-26,31-34H,8-15H2,1-7H3/t17-,18+,19-,20-,21+,22-,23+,24+,25+,26+,27+,28+,29+,30-/m0/s1"
"C00746","InChI=1S/C43H66N12O12S2/c1-5-22(4)35-42(66)49-26(12-13-32(45)57)38(62)51-29(17-33(46)58)39(63)53-30(20-69-68-19-25(44)36(60)50-28(40(64)54-35)16-23-8-10-24(56)11-9-23)43(67)55-14-6-7-31(55)41(65)52-27(15-21(2)3)37(61)48-18-34(47)59/h8-11,21-22,25-31,35,56H,5-7,12-20,44H2,1-4H3,(H2,45,57)(H2,46,58)(H2,47,59)(H,48,61)(H,49,66)(H,50,60)(H,51,62)(H,52,65)(H,53,63)(H,54,64)/t22-,25-,26-,27-,28-,29-,30-,31-,35-/m0/s1"
"C13662","InChI=1S/C46H65N15O12S2/c47-27-22-74-75-23-33(45(73)61-17-5-9-34(61)44(72)56-28(8-4-16-53-46(51)52)39(67)54-21-37(50)65)60-43(71)32(20-36(49)64)59-40(68)29(14-15-35(48)63)55-41(69)31(18-24-6-2-1-3-7-24)58-42(70)30(57-38(27)66)19-25-10-12-26(62)13-11-25/h1-3,6-7,10-13,27-34,62H,4-5,8-9,14-23,47H2,(H2,48,63)(H2,49,64)(H2,50,65)(H,54,67)(H,55,69)(H,56,72)(H,57,66)(H,58,70)(H,59,68)(H,60,71)(H4,51,52,53)"
"C11684","InChI=1S/C27H35N5O7S/c1-40-12-11-21(27(38)39)32-26(37)22(14-17-5-3-2-4-6-17)31-24(35)16-29-23(34)15-30-25(36)20(28)13-18-7-9-19(33)10-8-18/h2-10,20-22,33H,11-16,28H2,1H3,(H,29,34)(H,30,36)(H,31,35)(H,32,37)(H,38,39)/t20-,21-,22-/m0/s1"
"C06865","InChI=1S/C145H240N44O48S2/c1-65(2)45-86(175-139(232)110(70(11)12)183-136(229)99-63-239-238-62-79(148)117(210)178-96(59-191)134(227)174-92(52-104(151)202)131(224)172-90(49-69(9)10)129(222)180-98(61-193)135(228)187-114(74(16)197)142(235)181-99)118(211)158-55-106(204)162-80(25-18-20-40-146)120(213)169-89(48-68(7)8)128(221)179-97(60-192)133(226)167-83(34-37-102(149)200)122(215)165-85(36-39-109(207)208)123(216)171-88(47-67(5)6)127(220)173-91(51-77-54-156-64-161-77)130(223)164-81(26-19-21-41-147)121(214)170-87(46-66(3)4)126(219)166-84(35-38-103(150)201)125(218)186-113(73(15)196)141(234)177-94(50-76-30-32-78(199)33-31-76)143(236)189-44-24-29-101(189)137(230)168-82(27-22-42-157-145(154)155)124(217)185-112(72(14)195)140(233)176-93(53-105(152)203)132(225)184-111(71(13)194)138(231)160-56-107(205)163-95(58-190)119(212)159-57-108(206)182-115(75(17)198)144(237)188-43-23-28-100(188)116(153)209/h30-33,54,64-75,79-101,110-115,190-199H,18-29,34-53,55-63,146-148H2,1-17H3,(H2,149,200)(H2,150,201)(H2,151,202)(H2,152,203)(H2,153,209)(H,156,161)(H,158,211)(H,159,212)(H,160,231)(H,162,204)(H,163,205)(H,164,223)(H,165,215)(H,166,219)(H,167,226)(H,168,230)(H,169,213)(H,170,214)(H,171,216)(H,172,224)(H,173,220)(H,174,227)(H,175,232)(H,176,233)(H,177,234)(H,178,210)(H,179,221)(H,180,222)(H,181,235)(H,182,206)(H,183,229)(H,184,225)(H,185,217)(H,186,218)(H,187,228)(H,207,208)(H4,154,155,157)"
"C13523","InChI=1S/C128H218N44O38/c1-59(2)44-79(118(204)171-98(65(13)14)101(132)187)152-94(181)54-148-105(191)76(32-35-90(130)178)157-114(200)82(47-62(7)8)164-116(202)83(48-63(9)10)162-109(195)74(30-24-40-145-127(137)138)154-111(197)77(33-36-91(131)179)158-115(201)81(46-61(5)6)160-108(194)73(29-23-39-144-126(135)136)153-103(189)67(16)150-93(180)53-147-102(188)66(15)151-107(193)72(28-22-38-143-125(133)134)155-113(199)80(45-60(3)4)161-110(196)75(31-25-41-146-128(139)140)156-120(206)88(57-174)168-117(203)84(49-64(11)12)163-112(198)78(34-37-96(183)184)159-121(207)89(58-175)169-124(210)100(69(18)177)172-119(205)85(50-70-26-20-19-21-27-70)166-123(209)99(68(17)176)170-95(182)55-149-106(192)86(52-97(185)186)165-122(208)87(56-173)167-104(190)71(129)51-92-141-42-43-142-92/h19-21,26-27,42-43,59-69,71-89,98-100,173-177H,22-25,28-41,44-58,129H2,1-18H3,(H2,130,178)(H2,131,179)(H2,132,187)(H,141,142)(H,147,188)(H,148,191)(H,149,192)(H,150,180)(H,151,193)(H,152,181)(H,153,189)(H,154,197)(H,155,199)(H,156,206)(H,157,200)(H,158,201)(H,159,207)(H,160,194)(H,161,196)(H,162,195)(H,163,198)(H,164,202)(H,165,208)(H,166,209)(H,167,190)(H,168,203)(H,169,210)(H,170,182)(H,171,204)(H,172,205)(H,183,184)(H,185,186)(H4,133,134,143)(H4,135,136,144)(H4,137,138,145)(H4,139,140,146)"
"C05291","InChI=1S/C19H28O3/c1-18-7-5-12(20)9-11(18)10-15(21)17-13-3-4-16(22)19(13,2)8-6-14(17)18/h9,13-17,21-22H,3-8,10H2,1-2H3/t13-,14+,15-,16+,17+,18+,19+/m1/s1"
"C01227","InChI=1S/C19H28O2/c1-18-9-7-13(20)11-12(18)3-4-14-15-5-6-17(21)19(15,2)10-8-16(14)18/h3,13-16,20H,4-11H2,1-2H3/t13-,14-,15-,16-,18-,19-/m0/s1"
"C01953","InChI=1S/C21H32O2/c1-13(22)17-6-7-18-16-5-4-14-12-15(23)8-10-20(14,2)19(16)9-11-21(17,18)3/h4,15-19,23H,5-12H2,1-3H3/t15-,16-,17+,18-,19-,20-,21+/m0/s1"
"C05138","InChI=1S/C21H32O3/c1-13(22)21(24)11-8-18-16-5-4-14-12-15(23)6-9-19(14,2)17(16)7-10-20(18,21)3/h4,15-18,23-24H,5-12H2,1-3H3/t15-,16+,17-,18?,19-,20-,21-/m0/s1"
"C00735","InChI=1S/C21H30O5/c1-19-7-5-13(23)9-12(19)3-4-14-15-6-8-21(26,17(25)11-22)20(15,2)10-16(24)18(14)19/h9,14-16,18,22,24,26H,3-8,10-11H2,1-2H3/t14-,15-,16-,18+,19-,20-,21-/m0/s1"
"C05488","InChI=1S/C21H30O4/c1-19-8-5-14(23)11-13(19)3-4-15-16(19)6-9-20(2)17(15)7-10-21(20,25)18(24)12-22/h11,15-17,22,25H,3-10,12H2,1-2H3/t15-,16+,17+,19+,20+,21+/m1/s1"
"C05470","InChI=1S/C21H32O5/c1-19-7-5-13(23)9-12(19)3-4-14-15-6-8-21(26,17(25)11-22)20(15,2)10-16(24)18(14)19/h12-15,18,22-23,26H,3-11H2,1-2H3/t12-,13-,14+,15+,18-,19+,20+,21+/m1/s1"
"C05497","InChI=1S/C21H30O4/c1-12(22)21(25)9-7-16-15-5-4-13-10-14(23)6-8-19(13,2)18(15)17(24)11-20(16,21)3/h10,15-18,24-25H,4-9,11H2,1-3H3/t15-,16-,17?,18+,19-,20-,21-/m0/s1"
"C01780","InChI=1S/C21H28O5/c1-20-7-6-13(24)8-12(20)2-3-14-15-4-5-16(18(26)10-22)21(15,11-23)9-17(25)19(14)20/h8,11,14-17,19,22,25H,2-7,9-10H2,1H3/t14-,15-,16+,17-,19+,20-,21+/m0/s1"
"C05490","InChI=1S/C21H28O4/c1-20-8-7-13(23)9-12(20)3-4-14-15-5-6-16(18(25)11-22)21(15,2)10-17(24)19(14)20/h9,14-16,19,22H,3-8,10-11H2,1-2H3"
"C00477","InChI=1S/C27H44O6/c1-15(20(28)8-9-24(2,3)32)16-7-11-27(33)18-12-21(29)19-13-22(30)23(31)14-25(19,4)17(18)6-10-26(16,27)5/h12,15-17,19-20,22-23,28,30-33H,6-11,13-14H2,1-5H3/t15-,16+,17-,19-,20+,22+,23-,25+,26+,27+/m0/s1"
"C06566","InChI=1S/C16H22N4O9S/c1-28-16(19-9(21)4-2-3-8(17)11(22)23)13(26)20-10(12(24)25)7(5-29-15(18)27)6-30-14(16)20/h8,14H,2-6,17H2,1H3,(H2,18,27)(H,19,21)(H,22,23)(H,24,25)/t8-,14-,16+/m1/s1"
"C06664","InChI=1S/C11H16N2O4S/c1-5(14)8-6-4-7(18-3-2-12)9(11(16)17)13(6)10(8)15/h5-6,8,14H,2-4,12H2,1H3,(H,16,17)/t5-,6-,8-/m1/s1"
"C01941","InChI=1S/C23H24N4O9/c24-16(22(31)32)9-10-36-15-7-3-12(4-8-15)18(26-35)20(29)25-17-11-27(21(17)30)19(23(33)34)13-1-5-14(28)6-2-13/h1-8,16-17,19,28,35H,9-11,24H2,(H,25,29)(H,31,32)(H,33,34)/b26-18-/t16-,17+,19-/m1/s1"
"C00304","InChI=1S/C18H35N3O10/c1-5-12(24)8(23)3-10(28-5)30-16-6(19)2-7(20)17(15(16)27)31-18-14(26)11(21)13(25)9(4-22)29-18/h5-18,22-27H,2-4,19-21H2,1H3/t5-,6+,7-,8-,9-,10-,11+,12-,13-,14-,15+,16-,17+,18-/m1/s1"
"C01918","InChI=1S/C19H39N5O7/c1-19(27)7-28-18(13(26)16(19)24-2)31-15-11(23)5-10(22)14(12(15)25)30-17-9(21)4-3-8(6-20)29-17/h8-18,24-27H,3-7,20-23H2,1-2H3/t8-,9+,10-,11+,12-,13+,14+,15-,16+,17+,18+,19-/m0/s1"
"C17585","InChI=1S/C21H41N5O12/c22-2-1-8(28)19(34)26-7-3-6(24)17(37-20-11(25)15(32)13(30)9(4-23)35-20)18(12(7)29)38-21-16(33)14(31)10(5-27)36-21/h6-18,20-21,27-33H,1-5,22-25H2,(H,26,34)/t6-,7+,8-,9+,10+,11+,12-,13+,14-,15+,16+,17+,18+,20+,21-/m0/s1"
"C01912","InChI=1S/C37H67NO13/c1-14-25-37(10,45)30(41)20(4)27(39)18(2)16-35(8,44)32(51-34-28(40)24(38(11)12)15-19(3)47-34)21(5)29(22(6)33(43)49-25)50-26-17-36(9,46-13)31(42)23(7)48-26/h18-26,28-32,34,40-42,44-45H,14-17H2,1-13H3/t18-,19-,20+,21+,22-,23+,24+,25-,26+,28-,29+,30-,31+,32-,34+,35-,36-,37-/m1/s1"
"C01946","InChI=1S/C35H61NO12/c1-16-14-35(15-43-35)32(40)19(4)27(37)18(3)22(7)46-33(41)21(6)31(47-26-13-25(42-11)28(38)23(8)45-26)20(5)30(16)48-34-29(39)24(36(9)10)12-17(2)44-34/h16-31,34,37-39H,12-15H2,1-11H3/t16-,17+,18-,19+,20+,21+,22+,23-,24-,25-,26-,27-,28-,29+,30-,31-,34-,35+/m0/s1"
"C01457","InChI=1S/C46H77NO17/c1-13-33-30(22-58-45-42(57-12)41(56-11)37(52)26(5)60-45)18-23(2)14-15-31(49)24(3)19-29(16-17-48)39(25(4)32(50)20-34(51)62-33)64-44-38(53)36(47(9)10)40(27(6)61-44)63-35-21-46(8,55)43(54)28(7)59-35/h14-15,17-18,24-30,32-33,35-45,50,52-55H,13,16,19-22H2,1-12H3/b15-14+,23-18+/t24-,25+,26-,27-,28+,29+,30-,32-,33-,35+,36-,37-,38-,39-,40-,41-,42-,43+,44+,45-,46-/m1/s1"
"C06690","InChI=1S/C59H84N2O18/c1-35-18-15-13-11-9-7-5-6-8-10-12-14-16-21-46(77-58-55(72)53(61)54(71)38(4)76-58)31-50-52(57(73)74)49(69)34-59(75,79-50)33-45(66)29-44(65)28-43(64)27-41(62)19-17-20-42(63)30-51(70)78-56(35)37(3)26-36(2)47(67)32-48(68)39-22-24-40(60)25-23-39/h5-16,18,21-25,35-38,43-47,49-50,52-56,58,64-67,69,71-72,75H,17,19-20,26-34,60-61H2,1-4H3,(H,73,74)/b6-5+,9-7+,10-8+,13-11+,14-12+,18-15+,21-16+/t35?,36?,37?,38-,43?,44?,45?,46?,47?,49?,50?,52?,53+,54-,55+,56?,58?,59?/m1/s1"
"C11222","InChI=1S/C29H40N2O9/c1-15-11-19-25(34)20(14-21(32)27(19)39-7)31-28(35)16(2)9-8-10-22(37-5)26(40-29(30)36)18(4)13-17(3)24(33)23(12-15)38-6/h8-10,13-15,17,22-24,26,33H,11-12H2,1-7H3,(H2,30,36)(H,31,35)/b10-8-,16-9+,18-13+/t15-,17+,22+,23+,24-,26+/m1/s1"
"C12247","InChI=1S/C35H45NO11/c1-14-9-8-10-15(2)35(47)36-22-12-23(38)24-25(32(44)20(7)33(45)26(24)34(22)46)28(40)16(3)11-21(13-37)31(43)19(6)30(42)18(5)29(41)17(4)27(14)39/h8-12,14,17-19,21,27,29-31,37,39,41-45H,13H2,1-7H3,(H,36,47)/b9-8+,15-10-,16-11+/t14-,17+,18+,19-,21+,27-,29+,30-,31+/m0/s1"
"C06688","InChI=1S/C43H58N4O12/c1-21-12-11-13-22(2)42(55)45-33-28(20-44-47-17-15-46(9)16-18-47)37(52)30-31(38(33)53)36(51)26(6)40-32(30)41(54)43(8,59-40)57-19-14-29(56-10)23(3)39(58-27(7)48)25(5)35(50)24(4)34(21)49/h11-14,19-21,23-25,29,34-35,39,49-53H,15-18H2,1-10H3,(H,45,55)/b12-11+,19-14+,22-13-,44-20+/t21-,23+,24+,25+,29-,34-,35+,39+,43-/m0/s1"
"C06571","InChI=1S/C22H23ClN2O8/c1-21(32)7-6-8-15(25(2)3)17(28)13(20(24)31)19(30)22(8,33)18(29)11(7)16(27)12-10(26)5-4-9(23)14(12)21/h4-5,7-8,15,26,28-29,32-33H,6H2,1-3H3,(H2,24,31)/t7-,8-,15-,21-,22-/m0/s1"
"C06691","InChI=1S/C32H26O14/c1-9-21-15(3-11(45-9)5-19(35)36)29(41)23-17(33)7-13(27(39)25(23)31(21)43)14-8-18(34)24-26(28(14)40)32(44)22-10(2)46-12(6-20(37)38)4-16(22)30(24)42/h7-12,33-34,39-40H,3-6H2,1-2H3,(H,35,36)(H,37,38)/t9-,10-,11+,12+/m1/s1"
"C06764","InChI=1S/C44H72O12/c1-9-29-21-33-13-17-38(49-33)26(6)42(46)54-31(11-3)23-35-15-19-40(51-35)28(8)44(48)56-32(12-4)24-36-16-20-39(52-36)27(7)43(47)55-30(10-2)22-34-14-18-37(50-34)25(5)41(45)53-29/h25-40H,9-24H2,1-8H3/t25-,26+,27+,28-,29-,30+,31+,32-,33-,34+,35+,36-,37-,38+,39+,40-"
"C06693","InChI=1S/C36H62O11/c1-10-34(31-20(3)16-26(43-31)28-19(2)15-21(4)36(41,18-37)46-28)12-11-27(44-34)33(8)13-14-35(47-33)17-25(38)22(5)30(45-35)23(6)29(42-9)24(7)32(39)40/h19-31,37-38,41H,10-18H2,1-9H3,(H,39,40)/t19-,20-,21+,22+,23-,24-,25-,26+,27+,28-,29+,30-,31+,33-,34-,35+,36-/m0/s1"
"C06689","InChI=1S/C66H75Cl2N9O24/c1-23(2)12-34(71-5)58(88)76-49-51(83)26-7-10-38(32(67)14-26)97-40-16-28-17-41(55(40)101-65-56(54(86)53(85)42(22-78)99-65)100-44-21-66(4,70)57(87)24(3)96-44)98-39-11-8-27(15-33(39)68)52(84)50-63(93)75-48(64(94)95)31-18-29(79)19-37(81)45(31)30-13-25(6-9-36(30)80)46(60(90)77-50)74-61(91)47(28)73-59(89)35(20-43(69)82)72-62(49)92/h6-11,13-19,23-24,34-35,42,44,46-54,56-57,65,71,78-81,83-87H,12,20-22,70H2,1-5H3,(H2,69,82)(H,72,92)(H,73,89)(H,74,91)(H,75,93)(H,76,88)(H,77,90)(H,94,95)/t24-,34+,35-,42+,44-,46+,47+,48-,49?,50-,51+,52+,53+,54-,56+,57+,65-,66-/m0/s1"
"C12046","InChI=1S/C88H97Cl2N9O33/c1-33(2)8-6-4-5-7-9-60(108)94-68-74(113)71(110)58(31-101)129-87(68)132-78-55-25-40-26-56(78)126-52-17-13-38(23-47(52)90)77(131-86-67(92-34(3)103)73(112)70(109)57(30-100)128-86)69-84(121)98-66(85(122)123)45-28-42(105)29-54(127-88-76(115)75(114)72(111)59(32-102)130-88)61(45)44-22-37(12-14-49(44)106)63(81(118)99-69)96-83(120)65(40)97-82(119)64-39-20-41(104)27-43(21-39)124-53-24-36(11-15-50(53)107)62(91)80(117)93-48(79(116)95-64)19-35-10-16-51(125-55)46(89)18-35/h10-18,20-29,33,48,57-59,62-77,86-88,100-102,104-107,109-115H,4-9,19,30-32,91H2,1-3H3,(H,92,103)(H,93,117)(H,94,108)(H,95,116)(H,96,120)(H,97,119)(H,98,121)(H,99,118)(H,122,123)/t48-,57-,58-,59-,62-,63-,64+,65-,66+,67-,68-,69+,70-,71-,72-,73-,74-,75+,76+,77-,86+,87+,88+/m1/s1"
"C01895","InChI=1S/C55H84N20O21S2/c1-19-32(72-45(75-43(19)58)24(11-30(57)79)67-12-23(56)44(59)85)49(89)74-34(40(25-13-63-18-68-25)94-53-42(38(83)36(81)28(14-76)93-53)95-52-39(84)41(96-55(62)91)37(82)29(15-77)92-52)50(90)69-21(3)35(80)20(2)46(86)73-33(22(4)78)48(88)65-10-7-31-70-27(17-97-31)51-71-26(16-98-51)47(87)64-8-5-6-9-66-54(60)61/h13,16-18,20-24,28-29,33-42,52-53,67,76-78,80-84H,5-12,14-15,56H2,1-4H3,(H2,57,79)(H2,59,85)(H2,62,91)(H,63,68)(H,64,87)(H,65,88)(H,69,90)(H,73,86)(H,74,89)(H2,58,72,75)(H4,60,61,66)/t20-,21+,22+,23-,24-,28-,29+,33-,34-,35-,36+,37+,38-,39-,40-,41-,42-,52+,53-/m0/s1"
"C06684","InChI=1S/C54H90N6O18/c1-22(2)34-49(67)73-31(19)43(61)55-38(26(9)10)53(71)77-41(29(15)16)47(65)59-36(24(5)6)51(69)75-33(21)45(63)57-39(27(11)12)54(72)78-42(30(17)18)48(66)60-35(23(3)4)50(68)74-32(20)44(62)56-37(25(7)8)52(70)76-40(28(13)14)46(64)58-34/h22-42H,1-21H3,(H,55,61)(H,56,62)(H,57,63)(H,58,64)(H,59,65)(H,60,66)/t31-,32-,33-,34+,35+,36?,37-,38-,39-,40+,41+,42+/m0/s1"
"C06770","InChI=1S/C62H86N12O16/c1-27(2)42-59(84)73-23-17-19-36(73)57(82)69(13)25-38(75)71(15)48(29(5)6)61(86)88-33(11)44(55(80)65-42)67-53(78)35-22-21-31(9)51-46(35)64-47-40(41(63)50(77)32(10)52(47)90-51)54(79)68-45-34(12)89-62(87)49(30(7)8)72(16)39(76)26-70(14)58(83)37-20-18-24-74(37)60(85)43(28(3)4)66-56(45)81/h21-22,27-30,33-34,36-37,42-45,48-49H,17-20,23-26,63H2,1-16H3,(H,65,80)(H,66,81)(H,67,78)(H,68,79)"
"C06763","InChI=1S/C6H13NO5/c8-1-2-3(9)4(10)5(11)6(12)7-2/h2-12H,1H2/t2-,3-,4+,5-,6?/m1/s1"
"C06765","InChI=1S/C69H107N4O35P/c1-30(2)15-14-17-31(3)18-19-33(5)22-25-68(9,10)24-13-12-16-32(4)23-26-96-41(60(88)89)29-98-109(94,95)108-66-56(57(107-67(70)92)69(11,93)58(106-66)61(90)91)105-63-44(72-36(8)76)47(81)54(40(101-63)28-97-64-51(85)48(82)45(79)39(27-74)100-64)103-62-43(71-35(7)75)46(80)53(34(6)99-62)102-65-52(86)49(83)50(84)55(104-65)59(87)73-42-37(77)20-21-38(42)78/h13,15,18,23-24,34,39-41,43-58,62-66,74,77,79-86,93H,5,12,14,16-17,19-22,25-29H2,1-4,6-11H3,(H2,70,92)(H,71,75)(H,72,76)(H,73,87)(H,88,89)(H,90,91)(H,94,95)/b24-13+,31-18+,32-23+/t34-,39-,40-,41-,43-,44-,45-,46-,47-,48+,49+,50-,51-,52-,53-,54-,55+,56-,57-,58-,62+,63+,64-,65-,66-,69+/m1/s1"
"C06682","InChI=1S/C3H6N2O2/c4-2-1-7-5-3(2)6/h2H,1,4H2,(H,5,6)"
"C06692","InChI=1S/C17H25N5O13/c18-6(8(25)5(24)3-34-16(19)32)13(29)20-7(15(30)31)11-9(26)10(27)14(35-11)22-1-4(2-23)12(28)21-17(22)33/h1,5-11,14,23-27H,2-3,18H2,(H2,19,32)(H,20,29)(H,30,31)(H,21,28,33)/t5?,6?,7?,8?,9-,10+,11+,14+/m0/s1"
"C06685","InChI=1S/C15H23NO4/c1-8-3-9(2)15(20)11(4-8)12(17)5-10-6-13(18)16-14(19)7-10/h8-12,17H,3-7H2,1-2H3,(H,16,18,19)/t8-,9-,11-,12+/m0/s1"
"C06695","InChI=1S/C3H5NO2/c5-3-4-1-2-6-3/h1-2H2,(H,4,5)"